<skeleton name="Robot" frameRate="24" version="2.0">
 <armatures>
  <armature name="Robot1">
   <b name="forearm_R" parent="upperarm_R" x="21.9" y="-31.55" kX="86.89" kY="86.89" cX="0.97" cY="0.97" pX="1" pY="-1" z="0">
    <d name="forearm_R" pX="17" pY="8"/>
   </b>
   <b name="upperarm_R" parent="chest" x="-10.1" y="-117" kX="-19.28" kY="-19.28" cX="0.94" cY="0.94" pX="1" pY="1" z="1">
    <d name="upperarm_R" pX="49" pY="32"/>
   </b>
   <b name="motor_R" parent="leg" x="25.05" y="-34.25" kX="-9.69" kY="-9.69" cX="0.95" cY="0.95" pX="0" pY="-2" z="2">
    <d name="motor_R" pX="22" pY="15"/>
   </b>
   <b name="chest" x="-23.2" y="-5.15" kX="-0.54" kY="-0.54" cX="1" cY="1" pX="0" pY="0" z="3">
    <d name="chest" pX="70" pY="187"/>
   </b>
   <b name="leg" parent="chest" x="-32.25" y="-18.65" kX="0" kY="0" cX="1" cY="1" pX="0" pY="0" z="4">
    <d name="leg" pX="152" pY="34"/>
   </b>
   <b name="head" parent="chest" x="-29.6" y="-135.65" kX="0" kY="0" cX="1" cY="1" pX="0" pY="0" z="5">
    <d name="head" pX="41" pY="60"/>
   </b>
   <b name="motor" parent="leg" x="24.8" y="-32.05" kX="-22.96" kY="-22.96" cX="1" cY="1" pX="0" pY="0" z="6">
    <d name="motor" pX="17" pY="13"/>
   </b>
   <b name="upperarm" parent="chest" x="-8.95" y="-118.4" kX="-20.77" kY="-20.77" cX="1" cY="1" pX="0" pY="0" z="7">
    <d name="upperarm" pX="50" pY="41"/>
   </b>
   <b name="forearm" parent="upperarm" x="23.35" y="-37.15" kX="66.54" kY="66.54" cX="1" cY="1" pX="2" pY="1" z="8">
    <d name="forearm" pX="28" pY="7"/>
   </b>
  </armature>
  <armature name="images">
   <b name="forearm1" x="-128.65" y="-20" kX="0" kY="0" cX="1" cY="1" pX="21" pY="114" z="0">
    <d name="forearm1" pX="28" pY="7"/>
   </b>
   <b name="forearm_R1" x="189.3" y="-28.75" kX="0" kY="0" cX="1" cY="1" pX="24" pY="112" z="1">
    <d name="forearm_R1" pX="20" pY="8"/>
   </b>
   <b name="motor" x="-210.65" y="-71.95" kX="0" kY="0" cX="1" cY="1" pX="15" pY="71" z="2">
    <d name="motor" pX="17" pY="13"/>
   </b>
   <b name="motor_R" x="-217.95" y="96" kX="0" kY="0" cX="1" cY="1" pX="23" pY="68" z="3">
    <d name="motor_R" pX="22" pY="15"/>
   </b>
   <b name="chest" x="-133.65" y="213" kX="0" kY="0" cX="1" cY="1" pX="0" pY="-70" z="4">
    <d name="chest" pX="70" pY="187"/>
   </b>
   <b name="forearm_R" x="70.8" y="-22" kX="0" kY="0" cX="1" cY="1" pX="23" pY="111" z="5">
    <d name="forearm_R" pX="17" pY="8"/>
   </b>
   <b name="forearm" x="-18.7" y="-20" kX="0" kY="0" cX="1" cY="1" pX="21" pY="114" z="6">
    <d name="forearm" pX="28" pY="7"/>
   </b>
  </armature>
 </armatures>
 <animations>
  <animation name="Robot1">
   <mov name="stop" dr="49" to="16" drTW="49" lp="1" twE="NaN">
    <b name="forearm_R" sc="1" dl="0">
     <f x="21.9" y="-31.55" kX="86.89" kY="86.89" cX="0.97" cY="0.97" pX="1" pY="-1" z="0" dI="0" dr="19"/>
     <f x="33.9" y="-60.55" kX="90.6" kY="90.6" cX="0.97" cY="0.97" pX="1" pY="-1" z="0" dI="0" dr="7"/>
     <f x="33.9" y="-56.55" kX="90.6" kY="90.6" cX="0.97" cY="0.97" pX="1" pY="-1" z="0" dI="0" dr="16"/>
     <f x="23.95" y="-31.55" kX="87.14" kY="87.14" cX="0.97" cY="0.97" pX="1" pY="-1" z="0" dI="0" dr="6"/>
     <f x="23.95" y="-31.55" kX="87.14" kY="87.14" cX="0.97" cY="0.97" pX="1" pY="-1" z="0" dI="0" dr="1"/>
    </b>
    <b name="upperarm_R" sc="1" dl="0">
     <f x="-10.1" y="-117" kX="-19.28" kY="-19.28" cX="0.94" cY="0.94" pX="1" pY="1" z="1" dI="0" dr="19"/>
     <f x="-10.1" y="-142" kX="-25.72" kY="-25.72" cX="0.94" cY="0.94" pX="1" pY="1" z="1" dI="0" dr="7"/>
     <f x="-10.1" y="-138" kX="-25.72" kY="-25.72" cX="0.94" cY="0.94" pX="1" pY="1" z="1" dI="0" dr="16"/>
     <f x="-10.1" y="-117" kX="-20.01" kY="-20.01" cX="0.94" cY="0.94" pX="1" pY="1" z="1" dI="0" dr="6"/>
     <f x="-10.1" y="-117" kX="-20.01" kY="-20.01" cX="0.94" cY="0.94" pX="1" pY="1" z="1" dI="0" dr="1"/>
    </b>
    <b name="motor_R" sc="1" dl="0">
     <f x="25.05" y="-34.25" kX="-9.69" kY="-9.69" cX="0.95" cY="0.95" pX="0" pY="-2" z="2" dI="0" dr="19"/>
     <f x="25.05" y="-54.2" kX="-14.89" kY="-14.89" cX="0.95" cY="0.95" pX="0" pY="-2" z="2" dI="0" dr="7"/>
     <f x="25.05" y="-50.2" kX="-14.89" kY="-14.89" cX="0.95" cY="0.95" pX="0" pY="-2" z="2" dI="0" dr="16"/>
     <f x="25.05" y="-34.2" kX="-12.65" kY="-12.65" cX="0.95" cY="0.95" pX="0" pY="-2" z="2" dI="0" dr="6"/>
     <f x="25.05" y="-34.2" kX="-12.65" kY="-12.65" cX="0.95" cY="0.95" pX="0" pY="-2" z="2" dI="0" dr="1"/>
    </b>
    <b name="chest" sc="1" dl="0">
     <f x="-23.2" y="-5.15" kX="-0.54" kY="-0.54" cX="1" cY="1" pX="0" pY="0" z="3" dI="0" dr="19"/>
     <f x="-23.2" y="-30.65" kX="0.51" kY="0.51" cX="1" cY="1" pX="0" pY="0" z="3" dI="0" dr="7"/>
     <f x="-23.2" y="-26.65" kX="0.51" kY="0.51" cX="1" cY="1" pX="0" pY="0" z="3" dI="0" dr="16"/>
     <f x="-23.2" y="-5.15" kX="-0.26" kY="-0.26" cX="1" cY="1" pX="0" pY="0" z="3" dI="0" dr="6"/>
     <f x="-23.2" y="-5.15" kX="-0.26" kY="-0.26" cX="1" cY="1" pX="0" pY="0" z="3" dI="0" dr="1"/>
    </b>
    <b name="leg" sc="1" dl="0">
     <f x="-32.25" y="-18.65" kX="0" kY="0" cX="1" cY="1" pX="0" pY="0" z="4" dI="0" dr="19"/>
     <f x="-32.25" y="-38.65" kX="0" kY="0" cX="1" cY="1" pX="0" pY="0" z="4" dI="0" dr="7"/>
     <f x="-32.25" y="-34.65" kX="0" kY="0" cX="1" cY="1" pX="0" pY="0" z="4" dI="0" dr="16"/>
     <f x="-32.25" y="-18.65" kX="0" kY="0" cX="1" cY="1" pX="0" pY="0" z="4" dI="0" dr="6"/>
     <f x="-32.25" y="-18.65" kX="0" kY="0" cX="1" cY="1" pX="0" pY="0" z="4" dI="0" dr="1"/>
    </b>
    <b name="head" sc="1" dl="0">
     <f x="-29.6" y="-135.65" kX="0" kY="0" cX="1" cY="1" pX="0" pY="0" z="5" dI="0" dr="19"/>
     <f x="-25.6" y="-161.65" kX="0" kY="0" cX="1" cY="1" pX="0" pY="0" z="5" dI="0" dr="7"/>
     <f x="-25.6" y="-157.65" kX="0" kY="0" cX="1" cY="1" pX="0" pY="0" z="5" dI="0" dr="16"/>
     <f x="-28.6" y="-135.65" kX="0" kY="0" cX="1" cY="1" pX="0" pY="0" z="5" dI="0" dr="6"/>
     <f x="-28.6" y="-135.65" kX="0" kY="0" cX="1" cY="1" pX="0" pY="0" z="5" dI="0" dr="1"/>
    </b>
    <b name="motor" sc="1" dl="0">
     <f x="24.8" y="-32.05" kX="-22.96" kY="-22.96" cX="1" cY="1" pX="0" pY="0" z="6" dI="0" dr="19"/>
     <f x="24.8" y="-53.05" kX="-25.73" kY="-25.73" cX="1" cY="1" pX="0" pY="0" z="6" dI="0" dr="7"/>
     <f x="24.8" y="-49.05" kX="-25.73" kY="-25.73" cX="1" cY="1" pX="0" pY="0" z="6" dI="0" dr="16"/>
     <f x="24.8" y="-32.05" kX="-24.51" kY="-24.51" cX="1" cY="1" pX="0" pY="0" z="6" dI="0" dr="6"/>
     <f x="24.8" y="-32.05" kX="-22.25" kY="-22.25" cX="1" cY="1" pX="0" pY="0" z="6" dI="0" dr="1"/>
    </b>
    <b name="upperarm" sc="1" dl="0">
     <f x="-8.95" y="-118.4" kX="-20.77" kY="-20.77" cX="1" cY="1" pX="0" pY="0" z="7" dI="0" dr="19"/>
     <f x="-8.45" y="-143.4" kX="-26.96" kY="-26.96" cX="1" cY="1" pX="0" pY="0" z="7" dI="0" dr="7"/>
     <f x="-8.45" y="-139.4" kX="-26.68" kY="-26.68" cX="1" cY="1" pX="0" pY="0" z="7" dI="0" dr="16"/>
     <f x="-8.45" y="-118.4" kX="-20.77" kY="-20.77" cX="1" cY="1" pX="0" pY="0" z="7" dI="0" dr="6"/>
     <f x="-8.45" y="-118.4" kX="-20.77" kY="-20.77" cX="1" cY="1" pX="0" pY="0" z="7" dI="0" dr="1"/>
    </b>
    <b name="forearm" sc="1" dl="0">
     <f x="23.35" y="-37.15" kX="66.54" kY="66.54" cX="1" cY="1" pX="2" pY="1" z="8" dI="0" dr="19"/>
     <f x="35.9" y="-66.15" kX="69.37" kY="69.37" cX="1" cY="1" pX="2" pY="1" z="8" dI="0" dr="7"/>
     <f x="35.85" y="-62.15" kX="69.28" kY="69.28" cX="1" cY="1" pX="2" pY="1" z="8" dI="0" dr="16"/>
     <f x="23.35" y="-35.15" kX="66.54" kY="66.54" cX="1" cY="1" pX="2" pY="1" z="8" dI="0" dr="6"/>
     <f x="22.35" y="-36.15" kX="66.54" kY="66.54" cX="1" cY="1" pX="2" pY="1" z="8" dI="0" dr="1"/>
    </b>
   </mov>
   <mov name="move" dr="52" to="28" drTW="52" lp="1" twE="2">
    <b name="forearm_R" sc="1" dl="0">
     <f x="23.95" y="-31.55" kX="87.14" kY="87.14" cX="0.97" cY="0.97" pX="1" pY="-1" z="0" dI="0" dr="10"/>
     <f x="33.95" y="-29.55" kX="89.9" kY="89.9" cX="0.97" cY="0.97" pX="0" pY="-1" z="0" dI="0" dr="17"/>
     <f x="26.95" y="-26.55" kX="83.46" kY="83.46" cX="0.97" cY="0.97" pX="0" pY="0" z="0" dI="0" dr="10"/>
     <f x="24.95" y="-31.55" kX="81.98" kY="81.98" cX="0.97" cY="0.97" pX="1" pY="-1" z="0" dI="0" dr="14"/>
     <f x="23.95" y="-31.55" kX="87.14" kY="87.14" cX="0.97" cY="0.97" pX="1" pY="-1" z="0" dI="0" dr="1"/>
    </b>
    <b name="upperarm_R" sc="1" dl="0">
     <f x="-10.1" y="-117" kX="-20.01" kY="-20.01" cX="0.94" cY="0.94" pX="1" pY="1" z="1" dI="0" dr="10"/>
     <f x="-10.1" y="-110" kX="-26.98" kY="-26.98" cX="0.94" cY="0.94" pX="1" pY="1" z="1" dI="0" dr="17"/>
     <f x="-10.1" y="-110" kX="-23.49" kY="-23.49" cX="0.94" cY="0.94" pX="1" pY="1" z="1" dI="0" dr="10"/>
     <f x="-11.1" y="-116" kX="-21.25" kY="-21.25" cX="0.94" cY="0.94" pX="1" pY="1" z="1" dI="0" dr="14"/>
     <f x="-11.1" y="-118" kX="-22.98" kY="-22.98" cX="0.94" cY="0.94" pX="1" pY="1" z="1" dI="0" dr="1"/>
    </b>
    <b name="motor_R" sc="1" dl="0">
     <f x="25.05" y="-37.2" kX="-76.66" kY="-76.66" cX="0.95" cY="0.95" pX="0" pY="-2" z="2" dI="0" dr="6"/>
     <f x="25.05" y="-36.15" kX="-82.16" kY="-82.16" cX="0.95" cY="0.95" pX="0" pY="-2" z="2" dI="0" dr="9"/>
     <f x="25.05" y="-25.15" kX="-84.39" kY="-84.39" cX="0.95" cY="0.95" pX="0" pY="-2" z="2" dI="0" dr="12"/>
     <f x="25.05" y="-25.15" kX="-77.94" kY="-77.94" cX="0.95" cY="0.95" pX="0" pY="-2" z="2" dI="0" dr="8"/>
     <f x="25.05" y="-25.15" kX="-77.94" kY="-77.94" cX="0.95" cY="0.95" pX="0" pY="-2" z="2" dI="0" dr="6"/>
     <f x="25.05" y="-37.15" kX="-73.41" kY="-73.41" cX="0.95" cY="0.95" pX="0" pY="-2" z="2" dI="0" dr="10"/>
     <f x="25.05" y="-37.2" kX="-76.66" kY="-76.66" cX="0.95" cY="0.95" pX="0" pY="-2" z="2" dI="0" dr="1"/>
    </b>
    <b name="chest" sc="1" dl="0">
     <f x="-23.2" y="-5.15" kX="-0.26" kY="-0.26" cX="1" cY="1" pX="0" pY="0" z="3" dI="0" dr="10"/>
     <f x="-23.2" y="2.85" kX="-0.26" kY="-0.26" cX="1" cY="1" pX="0" pY="0" z="3" dI="0" dr="17"/>
     <f x="-23.2" y="2.85" kX="-0.26" kY="-0.26" cX="1" cY="1" pX="0" pY="0" z="3" dI="0" dr="10"/>
     <f x="-23.2" y="-5.15" kX="-0.26" kY="-0.26" cX="1" cY="1" pX="0" pY="0" z="3" dI="0" dr="14"/>
     <f x="-23.2" y="-5.15" kX="-0.26" kY="-0.26" cX="1" cY="1" pX="0" pY="0" z="3" dI="0" dr="1"/>
    </b>
    <b name="leg" sc="1" dl="0">
     <f x="-32.25" y="-18.65" kX="-9.14" kY="-9.14" cX="1" cY="1" pX="0" pY="0" z="4" dI="0" dr="6"/>
     <f x="-32.25" y="-18.65" kX="-9.14" kY="-9.14" cX="1" cY="1" pX="0" pY="0" z="4" dI="0" dr="9"/>
     <f x="-32.25" y="-5.65" kX="-9.14" kY="-9.14" cX="1" cY="1" pX="0" pY="0" z="4" dI="0" dr="12"/>
     <f x="-32.25" y="-5.65" kX="-9.14" kY="-9.14" cX="1" cY="1" pX="0" pY="0" z="4" dI="0" dr="8"/>
     <f x="-32.25" y="-5.65" kX="-9.14" kY="-9.14" cX="1" cY="1" pX="0" pY="0" z="4" dI="0" dr="6"/>
     <f x="-32.25" y="-18.65" kX="-9.14" kY="-9.14" cX="1" cY="1" pX="0" pY="0" z="4" dI="0" dr="10"/>
     <f x="-32.25" y="-18.65" kX="-9.14" kY="-9.14" cX="1" cY="1" pX="0" pY="0" z="4" dI="0" dr="1"/>
    </b>
    <b name="head" sc="1" dl="0">
     <f x="-30.6" y="-137.65" kX="-7.27" kY="-7.27" cX="1" cY="1" pX="0" pY="0" z="5" dI="0" dr="10"/>
     <f x="-30.6" y="-130.65" kX="-4.84" kY="-4.84" cX="1" cY="1" pX="0" pY="0" z="5" dI="0" dr="17"/>
     <f x="-30.6" y="-130.4" kX="-10.98" kY="-10.98" cX="1" cY="1" pX="0" pY="0" z="5" dI="0" dr="10"/>
     <f x="-30.6" y="-134.9" kX="-12.21" kY="-12.21" cX="1" cY="1" pX="0" pY="0" z="5" dI="0" dr="14"/>
     <f x="-30.6" y="-137.65" kX="-7.27" kY="-7.27" cX="1" cY="1" pX="0" pY="0" z="5" dI="0" dr="1"/>
    </b>
    <b name="motor" sc="1" dl="0">
     <f x="24.8" y="-32.05" kX="-79.97" kY="-79.97" cX="1" cY="1" pX="0" pY="0" z="6" dI="0" dr="15"/>
     <f x="24.8" y="-19.05" kX="-82.7" kY="-82.7" cX="1" cY="1" pX="0" pY="0" z="6" dI="0" dr="12"/>
     <f x="24.8" y="-19.8" kX="-82.95" kY="-82.95" cX="1" cY="1" pX="0" pY="0" z="6" dI="0" dr="14"/>
     <f x="24.8" y="-32.05" kX="-79.97" kY="-79.97" cX="1" cY="1" pX="0" pY="0" z="6" dI="0" dr="10"/>
     <f x="24.8" y="-32.05" kX="-79.97" kY="-79.97" cX="1" cY="1" pX="0" pY="0" z="6" dI="0" dr="1"/>
    </b>
    <b name="upperarm" sc="1" dl="0">
     <f x="-8.45" y="-118.4" kX="-20.77" kY="-20.77" cX="1" cY="1" pX="0" pY="0" z="7" dI="0" dr="10"/>
     <f x="-8.45" y="-110.4" kX="-25.74" kY="-25.74" cX="1" cY="1" pX="0" pY="0" z="7" dI="0" dr="17"/>
     <f x="-8.45" y="-110.4" kX="-20.77" kY="-20.77" cX="1" cY="1" pX="0" pY="0" z="7" dI="0" dr="10"/>
     <f x="-8.45" y="-116.4" kX="-18.04" kY="-18.04" cX="1" cY="1" pX="0" pY="0" z="7" dI="0" dr="14"/>
     <f x="-8.45" y="-118.4" kX="-20.77" kY="-20.77" cX="1" cY="1" pX="0" pY="0" z="7" dI="0" dr="1"/>
    </b>
    <b name="forearm" sc="1" dl="0">
     <f x="22.35" y="-36.15" kX="66.54" kY="66.54" cX="1" cY="1" pX="2" pY="1" z="8" dI="0" dr="10"/>
     <f x="28.35" y="-29.15" kX="70.75" kY="70.75" cX="1" cY="1" pX="2" pY="1" z="8" dI="0" dr="17"/>
     <f x="22.35" y="-28.15" kX="66.54" kY="66.54" cX="1" cY="1" pX="2" pY="1" z="8" dI="0" dr="10"/>
     <f x="19.05" y="-33.65" kX="64.98" kY="64.98" cX="1" cY="1" pX="2" pY="1" z="8" dI="0" dr="14"/>
     <f x="22.35" y="-36.15" kX="66.54" kY="66.54" cX="1" cY="1" pX="2" pY="1" z="8" dI="0" dr="1"/>
    </b>
   </mov>
   <mov name="backward" dr="53" to="6" drTW="53" lp="1" twE="NaN">
    <b name="forearm_R" sc="1" dl="0">
     <f x="50.95" y="-50.35" kX="71.43" kY="71.43" cX="0.97" cY="0.97" pX="1" pY="-1" z="0" dI="0" dr="13"/>
     <f x="54.95" y="-43.35" kX="76.95" kY="76.95" cX="0.97" cY="0.97" pX="1" pY="-1" z="0" dI="0" dr="8"/>
     <f x="53.95" y="-39.4" kX="73.47" kY="73.47" cX="0.97" cY="0.97" pX="1" pY="-1" z="0" dI="0" dr="17"/>
     <f x="42.95" y="-42.4" kX="68.49" kY="68.49" cX="0.97" cY="0.97" pX="1" pY="-1" z="0" dI="0" dr="9"/>
     <f x="50.95" y="-50.35" kX="71.43" kY="71.43" cX="0.97" cY="0.97" pX="1" pY="-1" z="0" dI="0" dr="5"/>
     <f x="50.95" y="-50.35" kX="71.43" kY="71.43" cX="0.97" cY="0.97" pX="1" pY="-1" z="0" dI="0" dr="1"/>
    </b>
    <b name="upperarm_R" sc="1" dl="0">
     <f x="-8" y="-119.9" kX="-38.73" kY="-38.73" cX="0.94" cY="0.94" pX="1" pY="1" z="1" dI="0" dr="13"/>
     <f x="-8" y="-108.9" kX="-42.44" kY="-42.44" cX="0.94" cY="0.94" pX="1" pY="1" z="1" dI="0" dr="8"/>
     <f x="-8" y="-108.9" kX="-39.45" kY="-39.45" cX="0.94" cY="0.94" pX="1" pY="1" z="1" dI="0" dr="17"/>
     <f x="-8" y="-118.9" kX="-31.99" kY="-31.99" cX="0.94" cY="0.94" pX="1" pY="1" z="1" dI="0" dr="9"/>
     <f x="-8" y="-119.9" kX="-38.73" kY="-38.73" cX="0.94" cY="0.94" pX="1" pY="1" z="1" dI="0" dr="5"/>
     <f x="-8" y="-119.9" kX="-38.73" kY="-38.73" cX="0.94" cY="0.94" pX="1" pY="1" z="1" dI="0" dr="1"/>
    </b>
    <b name="motor_R" sc="1" dl="0">
     <f x="25.05" y="-27.15" kX="107.05" kY="107.05" cX="0.95" cY="0.95" pX="0" pY="-2" z="2" dI="0" dr="13"/>
     <f x="25.05" y="-26.15" kX="107.05" kY="107.05" cX="0.95" cY="0.95" pX="0" pY="-2" z="2" dI="0" dr="8"/>
     <f x="23.05" y="-18.15" kX="109.26" kY="109.26" cX="0.95" cY="0.95" pX="0" pY="-2" z="2" dI="0" dr="6"/>
     <f x="23.05" y="-18.15" kX="109.26" kY="109.26" cX="0.95" cY="0.95" pX="0" pY="-2" z="2" dI="0" dr="6"/>
     <f x="23.05" y="-18.15" kX="109.26" kY="109.26" cX="0.95" cY="0.95" pX="0" pY="-2" z="2" dI="0" dr="14"/>
     <f x="23.05" y="-24.15" kX="102.62" kY="102.62" cX="0.95" cY="0.95" pX="0" pY="-2" z="2" dI="0" dr="5"/>
     <f x="25.05" y="-27.15" kX="107.05" kY="107.05" cX="0.95" cY="0.95" pX="0" pY="-2" z="2" dI="0" dr="1"/>
    </b>
    <b name="chest" sc="1" dl="0">
     <f x="-23.2" y="-5.15" kX="-0.26" kY="-0.26" cX="1" cY="1" pX="0" pY="0" z="3" dI="0" dr="13"/>
     <f x="-23.2" y="1.85" kX="-0.26" kY="-0.26" cX="1" cY="1" pX="0" pY="0" z="3" dI="0" dr="8"/>
     <f x="-23.2" y="1.85" kX="-0.26" kY="-0.26" cX="1" cY="1" pX="0" pY="0" z="3" dI="0" dr="17"/>
     <f x="-23.2" y="-5.15" kX="-0.26" kY="-0.26" cX="1" cY="1" pX="0" pY="0" z="3" dI="0" dr="9"/>
     <f x="-23.2" y="-5.15" kX="-0.26" kY="-0.26" cX="1" cY="1" pX="0" pY="0" z="3" dI="0" dr="5"/>
     <f x="-23.2" y="-5.15" kX="-0.26" kY="-0.26" cX="1" cY="1" pX="0" pY="0" z="3" dI="0" dr="1"/>
    </b>
    <b name="leg" sc="1" dl="0">
     <f x="-32.25" y="-18.65" kX="7.83" kY="7.83" cX="1" cY="1" pX="0" pY="0" z="4" dI="0" dr="9"/>
     <f x="-32.25" y="-18.65" kX="7.83" kY="7.83" cX="1" cY="1" pX="0" pY="0" z="4" dI="0" dr="12"/>
     <f x="-32.25" y="-9.65" kX="7.83" kY="7.83" cX="1" cY="1" pX="0" pY="0" z="4" dI="0" dr="12"/>
     <f x="-32.25" y="-9.65" kX="7.83" kY="7.83" cX="1" cY="1" pX="0" pY="0" z="4" dI="0" dr="14"/>
     <f x="-32.25" y="-20.65" kX="7.83" kY="7.83" cX="1" cY="1" pX="0" pY="0" z="4" dI="0" dr="5"/>
     <f x="-32.25" y="-20.65" kX="7.83" kY="7.83" cX="1" cY="1" pX="0" pY="0" z="4" dI="0" dr="1"/>
    </b>
    <b name="head" sc="1" dl="0">
     <f x="-30.6" y="-137.65" kX="1.42" kY="1.42" cX="1" cY="1" pX="0" pY="0" z="5" dI="0" dr="13"/>
     <f x="-30.6" y="-130.65" kX="1.42" kY="1.42" cX="1" cY="1" pX="0" pY="0" z="5" dI="0" dr="7"/>
     <f x="-30.6" y="-130.65" kX="-7.85" kY="-7.85" cX="1" cY="1" pX="0" pY="0" z="5" dI="0" dr="18"/>
     <f x="-30.6" y="-137.65" kX="-7.85" kY="-7.85" cX="1" cY="1" pX="0" pY="0" z="5" dI="0" dr="9"/>
     <f x="-30.6" y="-137.65" kX="-0.07" kY="-0.07" cX="1" cY="1" pX="0" pY="0" z="5" dI="0" dr="5"/>
     <f x="-30.6" y="-137.65" kX="-0.07" kY="-0.07" cX="1" cY="1" pX="0" pY="0" z="5" dI="0" dr="1"/>
    </b>
    <b name="motor" sc="1" dl="0">
     <f x="24.8" y="-32.05" kX="90.09" kY="90.09" cX="1" cY="1" pX="0" pY="0" z="6" dI="0" dr="13"/>
     <f x="24.8" y="-32.05" kX="90.09" kY="90.09" cX="1" cY="1" pX="0" pY="0" z="6" dI="0" dr="8"/>
     <f x="26.8" y="-22.05" kX="93.54" kY="93.54" cX="1" cY="1" pX="0" pY="0" z="6" dI="0" dr="6"/>
     <f x="26.8" y="-22.05" kX="90.06" kY="90.06" cX="1" cY="1" pX="0" pY="0" z="6" dI="0" dr="6"/>
     <f x="26.8" y="-22.05" kX="90.06" kY="90.06" cX="1" cY="1" pX="0" pY="0" z="6" dI="0" dr="14"/>
     <f x="24.8" y="-32.05" kX="86.15" kY="86.15" cX="1" cY="1" pX="0" pY="0" z="6" dI="0" dr="5"/>
     <f x="24.8" y="-32.05" kX="90.14" kY="90.14" cX="1" cY="1" pX="0" pY="0" z="6" dI="0" dr="1"/>
    </b>
    <b name="upperarm" sc="1" dl="0">
     <f x="-8.45" y="-118.4" kX="14.93" kY="14.93" cX="1" cY="1" pX="0" pY="0" z="7" dI="0" dr="13"/>
     <f x="-8.45" y="-107.4" kX="14.93" kY="14.93" cX="1" cY="1" pX="0" pY="0" z="7" dI="0" dr="8"/>
     <f x="-8.45" y="-107.4" kX="14.93" kY="14.93" cX="1" cY="1" pX="0" pY="0" z="7" dI="0" dr="17"/>
     <f x="-8.45" y="-118.4" kX="14.93" kY="14.93" cX="1" cY="1" pX="0" pY="0" z="7" dI="0" dr="9"/>
     <f x="-8.45" y="-118.4" kX="14.93" kY="14.93" cX="1" cY="1" pX="0" pY="0" z="7" dI="0" dr="5"/>
     <f x="-8.45" y="-118.4" kX="14.93" kY="14.93" cX="1" cY="1" pX="0" pY="0" z="7" dI="0" dr="1"/>
    </b>
    <b name="forearm" sc="1" dl="0">
     <f x="-27.6" y="-33.2" kX="82.77" kY="82.77" cX="1" cY="1" pX="2" pY="1" z="8" dI="0" dr="13"/>
     <f x="-27.6" y="-22.2" kX="86.22" kY="86.22" cX="1" cY="1" pX="2" pY="1" z="8" dI="0" dr="8"/>
     <f x="-27.6" y="-22.2" kX="83.73" kY="83.73" cX="1" cY="1" pX="2" pY="1" z="8" dI="0" dr="17"/>
     <f x="-26.55" y="-33.2" kX="78.5" kY="78.5" cX="1" cY="1" pX="2" pY="1" z="8" dI="0" dr="9"/>
     <f x="-27.6" y="-33.2" kX="82.77" kY="82.77" cX="1" cY="1" pX="2" pY="1" z="8" dI="0" dr="5"/>
     <f x="-27.6" y="-33.2" kX="82.77" kY="82.77" cX="1" cY="1" pX="2" pY="1" z="8" dI="0" dr="1"/>
    </b>
   </mov>
   <mov name="jump_f" dr="1" to="6">
    <b name="forearm_R" sc="1" dl="0">
     <f x="23" y="-33.35" kX="93.96" kY="93.96" cX="0.97" cY="0.97" pX="1" pY="-1" z="0" dI="0" dr="1"/>
    </b>
    <b name="upperarm_R" sc="1" dl="0">
     <f x="-7.95" y="-119.9" kX="-16.78" kY="-16.78" cX="0.94" cY="0.94" pX="1" pY="1" z="1" dI="0" dr="1"/>
    </b>
    <b name="motor_R" sc="1" dl="0">
     <f x="23.95" y="-39.2" kX="-9.71" kY="-9.71" cX="0.95" cY="0.95" pX="0" pY="-2" z="2" dI="0" dr="1"/>
    </b>
    <b name="chest" sc="1" dl="0">
     <f x="-23.2" y="-5.15" kX="-0.54" kY="-0.54" cX="1" cY="1" pX="0" pY="0" z="3" dI="0" dr="1"/>
    </b>
    <b name="leg" sc="1" dl="0">
     <f x="-32.25" y="-24.65" kX="-6.49" kY="-6.49" cX="1" cY="1" pX="0" pY="0" z="4" dI="0" dr="1"/>
    </b>
    <b name="head" sc="1" dl="0">
     <f x="-29.6" y="-135.65" kX="12.24" kY="12.24" cX="1" cY="1" pX="0" pY="0" z="5" dI="0" dr="1"/>
    </b>
    <b name="motor" sc="1" dl="0">
     <f x="24.8" y="-37.05" kX="-12.74" kY="-12.74" cX="1" cY="1" pX="0" pY="0" z="6" dI="0" dr="1"/>
    </b>
    <b name="upperarm" sc="1" dl="0">
     <f x="-8.95" y="-118.4" kX="17.63" kY="17.63" cX="1" cY="1" pX="0" pY="0" z="7" dI="0" dr="1"/>
    </b>
    <b name="forearm" sc="1" dl="0">
     <f x="-33.65" y="-35.25" kX="116.83" kY="116.83" cX="1" cY="1" pX="2" pY="1" z="8" dI="0" dr="1"/>
    </b>
   </mov>
   <mov name="down_f" dr="1" to="6">
    <b name="forearm_R" sc="1" dl="0">
     <f x="36" y="-38.35" kX="100.45" kY="100.45" cX="0.97" cY="0.97" pX="1" pY="-1" z="0" dI="0" dr="1"/>
    </b>
    <b name="upperarm_R" sc="1" dl="0">
     <f x="-7.95" y="-119.9" kX="-26.75" kY="-26.75" cX="0.94" cY="0.94" pX="1" pY="1" z="1" dI="0" dr="1"/>
    </b>
    <b name="motor_R" sc="1" dl="0">
     <f x="23.95" y="-39.2" kX="-3.23" kY="-3.23" cX="0.95" cY="0.95" pX="0" pY="-2" z="2" dI="0" dr="1"/>
    </b>
    <b name="chest" sc="1" dl="0">
     <f x="-23.2" y="-5.15" kX="-0.54" kY="-0.54" cX="1" cY="1" pX="0" pY="0" z="3" dI="0" dr="1"/>
    </b>
    <b name="leg" sc="1" dl="0">
     <f x="-32.25" y="-24.65" kX="-4.51" kY="-4.51" cX="1" cY="1" pX="0" pY="0" z="4" dI="0" dr="1"/>
    </b>
    <b name="head" sc="1" dl="0">
     <f x="-29.6" y="-135.65" kX="-3.7" kY="-3.7" cX="1" cY="1" pX="0" pY="0" z="5" dI="0" dr="1"/>
    </b>
    <b name="motor" sc="1" dl="0">
     <f x="24.8" y="-37.05" kX="-7.26" kY="-7.26" cX="1" cY="1" pX="0" pY="0" z="6" dI="0" dr="1"/>
    </b>
    <b name="upperarm" sc="1" dl="0">
     <f x="-8.95" y="-118.4" kX="11.93" kY="11.93" cX="1" cY="1" pX="0" pY="0" z="7" dI="0" dr="1"/>
    </b>
    <b name="forearm" sc="1" dl="0">
     <f x="-20.2" y="-28.6" kX="111.85" kY="111.85" cX="1" cY="1" pX="2" pY="1" z="8" dI="0" dr="1"/>
    </b>
   </mov>
   <mov name="jump_b" dr="1" to="6">
    <b name="forearm_R" sc="1" dl="0">
     <f x="-35.05" y="-32.35" kX="120.1" kY="120.1" cX="0.97" cY="0.97" pX="1" pY="0" z="0" dI="0" dr="1"/>
    </b>
    <b name="upperarm_R" sc="1" dl="0">
     <f x="-7.9" y="-119.9" kX="17.96" kY="17.96" cX="0.94" cY="0.94" pX="1" pY="1" z="1" dI="0" dr="1"/>
    </b>
    <b name="motor_R" sc="1" dl="0">
     <f x="23.95" y="-39.2" kX="-3.68" kY="-3.68" cX="0.95" cY="0.95" pX="0" pY="-2" z="2" dI="0" dr="1"/>
    </b>
    <b name="chest" sc="1" dl="0">
     <f x="-23.2" y="-5.15" kX="-0.54" kY="-0.54" cX="1" cY="1" pX="0" pY="0" z="3" dI="0" dr="1"/>
    </b>
    <b name="leg" sc="1" dl="0">
     <f x="-34.25" y="-24.65" kX="8.19" kY="8.19" cX="1" cY="1" pX="0" pY="0" z="4" dI="0" dr="1"/>
    </b>
    <b name="head" sc="1" dl="0">
     <f x="-29.6" y="-135.65" kX="-3.7" kY="-3.7" cX="1" cY="1" pX="0" pY="0" z="5" dI="0" dr="1"/>
    </b>
    <b name="motor" sc="1" dl="0">
     <f x="21.8" y="-33.05" kX="-15.76" kY="-15.76" cX="1" cY="1" pX="0" pY="0" z="6" dI="0" dr="1"/>
    </b>
    <b name="upperarm" sc="1" dl="0">
     <f x="-8.95" y="-118.4" kX="-35.95" kY="-35.95" cX="1" cY="1" pX="0" pY="0" z="7" dI="0" dr="1"/>
    </b>
    <b name="forearm" sc="1" dl="0">
     <f x="50.7" y="-48.95" kX="67.95" kY="67.95" cX="1" cY="1" pX="2" pY="1" z="8" dI="0" dr="1"/>
    </b>
   </mov>
   <mov name="down_b" dr="1" to="6">
    <b name="forearm_R" sc="1" dl="0">
     <f x="-35" y="-32.35" kX="122.8" kY="122.8" cX="0.97" cY="0.97" pX="1" pY="-1" z="0" dI="0" dr="1"/>
    </b>
    <b name="upperarm_R" sc="1" dl="0">
     <f x="-7.9" y="-119.9" kX="17.96" kY="17.96" cX="0.94" cY="0.94" pX="1" pY="1" z="1" dI="0" dr="1"/>
    </b>
    <b name="motor_R" sc="1" dl="0">
     <f x="23.95" y="-39.2" kX="-3.68" kY="-3.68" cX="0.95" cY="0.95" pX="0" pY="-2" z="2" dI="0" dr="1"/>
    </b>
    <b name="chest" sc="1" dl="0">
     <f x="-23.2" y="-5.15" kX="-0.54" kY="-0.54" cX="1" cY="1" pX="0" pY="0" z="3" dI="0" dr="1"/>
    </b>
    <b name="leg" sc="1" dl="0">
     <f x="-34.25" y="-24.65" kX="4.22" kY="4.22" cX="1" cY="1" pX="0" pY="0" z="4" dI="0" dr="1"/>
    </b>
    <b name="head" sc="1" dl="0">
     <f x="-29.6" y="-135.65" kX="3.52" kY="3.52" cX="1" cY="1" pX="0" pY="0" z="5" dI="0" dr="1"/>
    </b>
    <b name="motor" sc="1" dl="0">
     <f x="21.8" y="-33.05" kX="-10.56" kY="-10.56" cX="1" cY="1" pX="0" pY="0" z="6" dI="0" dr="1"/>
    </b>
    <b name="upperarm" sc="1" dl="0">
     <f x="-8.95" y="-118.4" kX="-38.65" kY="-38.65" cX="1" cY="1" pX="0" pY="0" z="7" dI="0" dr="1"/>
    </b>
    <b name="forearm" sc="1" dl="0">
     <f x="52.7" y="-51.95" kX="71.35" kY="71.35" cX="1" cY="1" pX="2" pY="1" z="8" dI="0" dr="1"/>
    </b>
   </mov>
   <mov name="jump_s" dr="1" to="6">
    <b name="forearm_R" sc="1" dl="0">
     <f x="41.35" y="-40.35" kX="105.82" kY="105.82" cX="0.97" cY="0.97" pX="1" pY="-1" z="0" dI="0" dr="1"/>
    </b>
    <b name="upperarm_R" sc="1" dl="0">
     <f x="-7.95" y="-120.05" kX="-29.1" kY="-29.1" cX="0.94" cY="0.94" pX="1" pY="1" z="1" dI="0" dr="1"/>
    </b>
    <b name="motor_R" sc="1" dl="0">
     <f x="23.95" y="-39.2" kX="-3.68" kY="-3.68" cX="0.95" cY="0.95" pX="0" pY="-2" z="2" dI="0" dr="1"/>
    </b>
    <b name="chest" sc="1" dl="0">
     <f x="-23.2" y="-5.15" kX="-0.54" kY="-0.54" cX="1" cY="1" pX="0" pY="0" z="3" dI="0" dr="1"/>
    </b>
    <b name="leg" sc="1" dl="0">
     <f x="-34.25" y="-24.65" kX="-0.2" kY="-0.2" cX="1" cY="1" pX="0" pY="0" z="4" dI="0" dr="1"/>
    </b>
    <b name="head" sc="1" dl="0">
     <f x="-29.6" y="-135.65" kX="-8.68" kY="-8.68" cX="1" cY="1" pX="0" pY="0" z="5" dI="0" dr="1"/>
    </b>
    <b name="motor" sc="1" dl="0">
     <f x="21.8" y="-33.05" kX="-10.56" kY="-10.56" cX="1" cY="1" pX="0" pY="0" z="6" dI="0" dr="1"/>
    </b>
    <b name="upperarm" sc="1" dl="0">
     <f x="-8.95" y="-118.4" kX="-40.18" kY="-40.18" cX="1" cY="1" pX="0" pY="0" z="7" dI="0" dr="1"/>
    </b>
    <b name="forearm" sc="1" dl="0">
     <f x="53.7" y="-53.95" kX="71.06" kY="71.06" cX="1" cY="1" pX="2" pY="1" z="8" dI="0" dr="1"/>
    </b>
   </mov>
   <mov name="down_s" dr="1" to="6">
    <b name="forearm_R" sc="1" dl="0">
     <f x="41.35" y="-40.35" kX="105.82" kY="105.82" cX="0.97" cY="0.97" pX="1" pY="-1" z="0" dI="0" dr="1"/>
    </b>
    <b name="upperarm_R" sc="1" dl="0">
     <f x="-7.95" y="-120.05" kX="-29.1" kY="-29.1" cX="0.94" cY="0.94" pX="1" pY="1" z="1" dI="0" dr="1"/>
    </b>
    <b name="motor_R" sc="1" dl="0">
     <f x="23.95" y="-39.2" kX="-3.68" kY="-3.68" cX="0.95" cY="0.95" pX="0" pY="-2" z="2" dI="0" dr="1"/>
    </b>
    <b name="chest" sc="1" dl="0">
     <f x="-23.2" y="-5.15" kX="-0.54" kY="-0.54" cX="1" cY="1" pX="0" pY="0" z="3" dI="0" dr="1"/>
    </b>
    <b name="leg" sc="1" dl="0">
     <f x="-34.25" y="-24.65" kX="-0.2" kY="-0.2" cX="1" cY="1" pX="0" pY="0" z="4" dI="0" dr="1"/>
    </b>
    <b name="head" sc="1" dl="0">
     <f x="-29.6" y="-135.65" kX="-8.68" kY="-8.68" cX="1" cY="1" pX="0" pY="0" z="5" dI="0" dr="1"/>
    </b>
    <b name="motor" sc="1" dl="0">
     <f x="21.8" y="-33.05" kX="-10.56" kY="-10.56" cX="1" cY="1" pX="0" pY="0" z="6" dI="0" dr="1"/>
    </b>
    <b name="upperarm" sc="1" dl="0">
     <f x="-8.95" y="-118.4" kX="-46.38" kY="-46.38" cX="1" cY="1" pX="0" pY="0" z="7" dI="0" dr="1"/>
    </b>
    <b name="forearm" sc="1" dl="0">
     <f x="56.7" y="-58.95" kX="78.29" kY="78.29" cX="1" cY="1" pX="2" pY="1" z="8" dI="0" dr="1"/>
    </b>
   </mov>
   <mov name="Hit_g" dr="17" to="0" drTW="12" lp="0" twE="2">
    <b name="forearm_R" sc="1" dl="0">
     <f x="-72.5" y="-184.55" kX="-143.28" kY="-143.28" cX="0.97" cY="0.97" pX="1" pY="-1" z="0" dI="0" dr="2"/>
     <f x="48.25" y="-189.4" kX="-82.41" kY="-82.41" cX="0.97" cY="0.97" pX="1" pY="-1" z="0" dI="0" dr="2"/>
     <f x="18.45" y="-215.5" kX="-142.72" kY="-142.72" cX="0.97" cY="0.97" pX="1" pY="-1" z="0" dI="0" dr="7"/>
     <f x="-101.5" y="-99.65" kX="112.15" kY="112.15" cX="0.97" cY="0.97" pX="1" pY="-1" z="0" dI="0" dr="4"/>
     <f x="33.15" y="-31.55" kX="68.09" kY="68.09" cX="0.97" cY="0.97" pX="1" pY="-1" z="0" dI="0" dr="2"/>
    </b>
    <b name="upperarm_R" sc="1" dl="0">
     <f x="-7.95" y="-120.1" kX="138.22" kY="138.22" cX="0.94" cY="0.94" pX="1" pY="1" z="1" dI="0" dr="2"/>
     <f x="-10.1" y="-117.05" kX="-136.43" kY="-136.43" cX="0.94" cY="0.94" pX="1" pY="1" z="1" dI="0" dr="2"/>
     <f x="-8.2" y="-124.9" kX="-161.23" kY="-161.23" cX="0.94" cY="0.94" pX="1" pY="1" z="1" dI="0" dr="7"/>
     <f x="-8.15" y="-125" kX="76.95" kY="76.95" cX="0.94" cY="0.94" pX="1" pY="1" z="1" dI="0" dr="4"/>
     <f x="-10.1" y="-117.05" kX="-23.81" kY="-23.81" cX="0.94" cY="0.94" pX="1" pY="1" z="1" dI="0" dr="2"/>
    </b>
    <b name="motor_R" sc="1" dl="0">
     <f x="23.95" y="-39.2" kX="-3.68" kY="-3.68" cX="0.95" cY="0.95" pX="0" pY="-2" z="2" dI="0" dr="2"/>
     <f x="25.05" y="-34.25" kX="-9.69" kY="-9.69" cX="0.95" cY="0.95" pX="0" pY="-2" z="2" dI="0" dr="2"/>
     <f x="25.05" y="-34.25" kX="-87.12" kY="-87.12" cX="0.95" cY="0.95" pX="0" pY="-2" z="2" dI="0" dr="7"/>
     <f x="25.05" y="-34.25" kX="-67.6" kY="-67.6" cX="0.95" cY="0.95" pX="0" pY="-2" z="2" dI="0" dr="4"/>
     <f x="25" y="-34.3" kX="-44.35" kY="-44.35" cX="0.95" cY="0.95" pX="0" pY="-2" z="2" dI="0" dr="2"/>
    </b>
    <b name="chest" sc="1" dl="0">
     <f x="-23.2" y="-5.15" kX="-0.54" kY="-0.54" cX="1" cY="1" pX="0" pY="0" z="3" dI="0" dr="2"/>
     <f x="-23.2" y="-5.15" kX="-0.54" kY="-0.54" cX="1" cY="1" pX="0" pY="0" z="3" dI="0" dr="2"/>
     <f x="-23.2" y="-10.15" kX="-0.54" kY="-0.54" cX="1" cY="1" pX="0" pY="0" z="3" dI="0" dr="7"/>
     <f x="-23.2" y="-10.15" kX="-0.54" kY="-0.54" cX="1" cY="1" pX="0" pY="0" z="3" dI="0" dr="4"/>
     <f x="-23.2" y="-5.15" kX="-0.54" kY="-0.54" cX="1" cY="1" pX="0" pY="0" z="3" dI="0" dr="2"/>
    </b>
    <b name="leg" sc="1" dl="0">
     <f x="-34.25" y="-24.65" kX="-0.2" kY="-0.2" cX="1" cY="1" pX="0" pY="0" z="4" dI="0" dr="2"/>
     <f x="-32.25" y="-18.65" kX="0" kY="0" cX="1" cY="1" pX="0" pY="0" z="4" dI="0" dr="2"/>
     <f x="-32.25" y="-18.65" kX="0" kY="0" cX="1" cY="1" pX="0" pY="0" z="4" dI="0" dr="7"/>
     <f x="-32.25" y="-18.65" kX="0" kY="0" cX="1" cY="1" pX="0" pY="0" z="4" dI="0" dr="4"/>
     <f x="-32.25" y="-18.65" kX="0" kY="0" cX="1" cY="1" pX="0" pY="0" z="4" dI="0" dr="2"/>
    </b>
    <b name="head" sc="1" dl="0">
     <f x="-29.6" y="-135.65" kX="8.52" kY="8.52" cX="1" cY="1" pX="0" pY="0" z="5" dI="0" dr="2"/>
     <f x="-29.6" y="-135.65" kX="34.47" kY="34.47" cX="1" cY="1" pX="0" pY="0" z="5" dI="0" dr="2"/>
     <f x="-29.6" y="-139.65" kX="25.25" kY="25.25" cX="1" cY="1" pX="0" pY="0" z="5" dI="0" dr="7"/>
     <f x="-29.6" y="-139.65" kX="15.02" kY="15.02" cX="1" cY="1" pX="0" pY="0" z="5" dI="0" dr="4"/>
     <f x="-29.6" y="-135.65" kX="6.5" kY="6.5" cX="1" cY="1" pX="0" pY="0" z="5" dI="0" dr="2"/>
    </b>
    <b name="motor" sc="1" dl="0">
     <f x="21.8" y="-33.05" kX="-10.56" kY="-10.56" cX="1" cY="1" pX="0" pY="0" z="6" dI="0" dr="2"/>
     <f x="24.8" y="-32.05" kX="-22.96" kY="-22.96" cX="1" cY="1" pX="0" pY="0" z="6" dI="0" dr="2"/>
     <f x="24.8" y="-32.05" kX="-91.41" kY="-91.41" cX="1" cY="1" pX="0" pY="0" z="6" dI="0" dr="7"/>
     <f x="24.8" y="-32.05" kX="-57.18" kY="-57.18" cX="1" cY="1" pX="0" pY="0" z="6" dI="0" dr="4"/>
     <f x="24.8" y="-32.05" kX="-38.74" kY="-38.74" cX="1" cY="1" pX="0" pY="0" z="6" dI="0" dr="2"/>
    </b>
    <b name="upperarm" sc="1" dl="0">
     <f x="-8.95" y="-118.4" kX="-10.17" kY="-10.17" cX="1" cY="1" pX="0" pY="0" z="7" dI="0" dr="2"/>
     <f x="-8.95" y="-118.4" kX="32.93" kY="32.93" cX="1" cY="1" pX="0" pY="0" z="7" dI="0" dr="2"/>
     <f x="-8.95" y="-122.4" kX="14.21" kY="14.21" cX="1" cY="1" pX="0" pY="0" z="7" dI="0" dr="7"/>
     <f x="-8.95" y="-122.4" kX="-13.05" kY="-13.05" cX="1" cY="1" pX="0" pY="0" z="7" dI="0" dr="4"/>
     <f x="-8.95" y="-118.4" kX="-14.51" kY="-14.51" cX="1" cY="1" pX="0" pY="0" z="7" dI="0" dr="2"/>
    </b>
    <b name="forearm" sc="1" dl="0">
     <f x="12.75" y="-32.95" kX="86.5" kY="86.5" cX="1" cY="1" pX="2" pY="1" z="8" dI="0" dr="2"/>
     <f x="-55.65" y="-43.7" kX="139.19" kY="139.19" cX="1" cY="1" pX="2" pY="1" z="8" dI="0" dr="2"/>
     <f x="-29.65" y="-30.85" kX="111.97" kY="111.97" cX="1" cY="1" pX="2" pY="1" z="8" dI="0" dr="7"/>
     <f x="9.55" y="-34.55" kX="80.79" kY="80.79" cX="1" cY="1" pX="2" pY="1" z="8" dI="0" dr="4"/>
     <f x="15.65" y="-32.7" kX="92.95" kY="92.95" cX="1" cY="1" pX="2" pY="1" z="8" dI="0" dr="2"/>
    </b>
   </mov>
   <mov name="Hit_s" dr="15" to="0" drTW="15" lp="1" twE="NaN">
    <b name="forearm_R" sc="1" dl="0">
     <f x="-72.5" y="-195.55" kX="-158.72" kY="-158.72" cX="0.97" cY="0.97" pX="1" pY="-1" z="0" dI="0" dr="2"/>
     <f x="-72.5" y="-196.55" kX="174.29" kY="174.29" cX="0.97" cY="0.97" pX="1" pY="-1" z="0" dI="0" dr="3"/>
     <f x="-99.45" y="-135.6" kX="128.59" kY="128.59" cX="0.97" cY="0.97" pX="1" pY="-1" z="0" dI="0" dr="4"/>
     <f x="-83.9" y="-65.55" kX="126.6" kY="126.6" cX="0.97" cY="0.97" pX="1" pY="0" z="0" dI="0" dr="5"/>
     <f x="-44.5" y="-33.5" kX="62.9" kY="62.9" cX="0.97" cY="0.97" pX="1" pY="-1" z="0" dI="0" dr="1"/>
    </b>
    <b name="upperarm_R" sc="1" dl="0">
     <f x="-7.95" y="-131.1" kX="138.22" kY="138.22" cX="0.94" cY="0.94" pX="1" pY="1" z="1" dI="0" dr="2"/>
     <f x="-7.95" y="-132.1" kX="138.22" kY="138.22" cX="0.94" cY="0.94" pX="1" pY="1" z="1" dI="0" dr="3"/>
     <f x="-8" y="-131.05" kX="96.22" kY="96.22" cX="0.94" cY="0.94" pX="1" pY="1" z="1" dI="0" dr="4"/>
     <f x="-8" y="-125.05" kX="54.24" kY="54.24" cX="0.94" cY="0.94" pX="1" pY="1" z="1" dI="0" dr="5"/>
     <f x="-8" y="-120.1" kX="25.78" kY="25.78" cX="0.94" cY="0.94" pX="1" pY="1" z="1" dI="0" dr="1"/>
    </b>
    <b name="motor_R" sc="1" dl="0">
     <f x="23.9" y="-50.2" kX="-42.39" kY="-42.39" cX="0.95" cY="0.95" pX="0" pY="-2" z="2" dI="0" dr="2"/>
     <f x="23.95" y="-51.2" kX="-78.97" kY="-78.97" cX="0.95" cY="0.95" pX="0" pY="-2" z="2" dI="0" dr="3"/>
     <f x="23.95" y="-50.1" kX="-91.83" kY="-91.83" cX="0.95" cY="0.95" pX="0" pY="-2" z="2" dI="0" dr="4"/>
     <f x="23.95" y="-44.15" kX="-28.14" kY="-28.14" cX="0.95" cY="0.95" pX="0" pY="-2" z="2" dI="0" dr="5"/>
     <f x="23.95" y="-39.2" kX="-3.68" kY="-3.68" cX="0.95" cY="0.95" pX="0" pY="-2" z="2" dI="0" dr="1"/>
    </b>
    <b name="chest" sc="1" dl="0">
     <f x="-23.2" y="-16.15" kX="-0.54" kY="-0.54" cX="1" cY="1" pX="0" pY="0" z="3" dI="0" dr="2"/>
     <f x="-23.2" y="-17.15" kX="-0.54" kY="-0.54" cX="1" cY="1" pX="0" pY="0" z="3" dI="0" dr="3"/>
     <f x="-23.2" y="-16.15" kX="-0.54" kY="-0.54" cX="1" cY="1" pX="0" pY="0" z="3" dI="0" dr="4"/>
     <f x="-23.2" y="-10.15" kX="-0.54" kY="-0.54" cX="1" cY="1" pX="0" pY="0" z="3" dI="0" dr="5"/>
     <f x="-23.2" y="-5.15" kX="-0.54" kY="-0.54" cX="1" cY="1" pX="0" pY="0" z="3" dI="0" dr="1"/>
    </b>
    <b name="leg" sc="1" dl="0">
     <f x="-34.25" y="-25.65" kX="-0.2" kY="-0.2" cX="1" cY="1" pX="0" pY="0" z="4" dI="0" dr="2"/>
     <f x="-34.25" y="-25.65" kX="-0.2" kY="-0.2" cX="1" cY="1" pX="0" pY="0" z="4" dI="0" dr="3"/>
     <f x="-34.25" y="-24.65" kX="-0.2" kY="-0.2" cX="1" cY="1" pX="0" pY="0" z="4" dI="0" dr="4"/>
     <f x="-34.25" y="-24.65" kX="-0.2" kY="-0.2" cX="1" cY="1" pX="0" pY="0" z="4" dI="0" dr="5"/>
     <f x="-34.25" y="-24.65" kX="-0.2" kY="-0.2" cX="1" cY="1" pX="0" pY="0" z="4" dI="0" dr="1"/>
    </b>
    <b name="head" sc="1" dl="0">
     <f x="-29.6" y="-146.65" kX="8.52" kY="8.52" cX="1" cY="1" pX="0" pY="0" z="5" dI="0" dr="2"/>
     <f x="-29.6" y="-147.65" kX="8.52" kY="8.52" cX="1" cY="1" pX="0" pY="0" z="5" dI="0" dr="3"/>
     <f x="-29.6" y="-146.65" kX="8.52" kY="8.52" cX="1" cY="1" pX="0" pY="0" z="5" dI="0" dr="4"/>
     <f x="-29.6" y="-140.65" kX="8.52" kY="8.52" cX="1" cY="1" pX="0" pY="0" z="5" dI="0" dr="5"/>
     <f x="-29.6" y="-135.65" kX="8.52" kY="8.52" cX="1" cY="1" pX="0" pY="0" z="5" dI="0" dr="1"/>
    </b>
    <b name="motor" sc="1" dl="0">
     <f x="21.8" y="-44.05" kX="-45.51" kY="-45.51" cX="1" cY="1" pX="0" pY="0" z="6" dI="0" dr="2"/>
     <f x="21.8" y="-45.05" kX="-71.83" kY="-71.83" cX="1" cY="1" pX="0" pY="0" z="6" dI="0" dr="3"/>
     <f x="21.8" y="-44.05" kX="-105.58" kY="-105.58" cX="1" cY="1" pX="0" pY="0" z="6" dI="0" dr="4"/>
     <f x="21.8" y="-38.05" kX="-46.05" kY="-46.05" cX="1" cY="1" pX="0" pY="0" z="6" dI="0" dr="5"/>
     <f x="21.8" y="-33.05" kX="-10.56" kY="-10.56" cX="1" cY="1" pX="0" pY="0" z="6" dI="0" dr="1"/>
    </b>
    <b name="upperarm" sc="1" dl="0">
     <f x="-8.95" y="-129.4" kX="115.76" kY="115.76" cX="1" cY="1" pX="0" pY="0" z="7" dI="0" dr="2"/>
     <f x="-8.95" y="-130.4" kX="-132.97" kY="-132.97" cX="1" cY="1" pX="0" pY="0" z="7" dI="0" dr="3"/>
     <f x="-8.95" y="-129.4" kX="175.29" kY="175.29" cX="1" cY="1" pX="0" pY="0" z="7" dI="0" dr="4"/>
     <f x="-8.95" y="-123.4" kX="59.86" kY="59.86" cX="1" cY="1" pX="0" pY="0" z="7" dI="0" dr="5"/>
     <f x="-8.95" y="-118.4" kX="4.91" kY="4.91" cX="1" cY="1" pX="0" pY="0" z="7" dI="0" dr="1"/>
    </b>
    <b name="forearm" sc="1" dl="0">
     <f x="-91.3" y="-167.05" kX="140.97" kY="140.97" cX="1" cY="1" pX="2" pY="1" z="8" dI="0" dr="2"/>
     <f x="56.7" y="-195.15" kX="-65.78" kY="-65.78" cX="1" cY="1" pX="2" pY="1" z="8" dI="0" dr="3"/>
     <f x="-19.2" y="-214.55" kX="-174.06" kY="-174.06" cX="1" cY="1" pX="2" pY="1" z="8" dI="0" dr="4"/>
     <f x="-84.25" y="-76.7" kX="81.27" kY="81.27" cX="1" cY="1" pX="2" pY="1" z="8" dI="0" dr="5"/>
     <f x="-11.45" y="-30" kX="69.22" kY="69.22" cX="1" cY="1" pX="2" pY="1" z="8" dI="0" dr="1"/>
    </b>
   </mov>
  </animation>
 </animations>
</skeleton>